Date,Incident Type,Location,Severity,Description
2026-09-22 18:28:31,Accident,Near Bus stand,Medium,An accident has occurred and assistance is required.
2026-09-22 18:28:34,Accident,Near Bus stand,Medium,An accident has occurred and assistance is required.
2026-09-22 18:28:43,Accident,Near Bus stand,Medium,An accident has occurred and assistance is required.
2026-09-22 18:28:55,Accident,Near Bus stand,Medium,"An accident has occurred
"
2026-09-22 18:28:57,Accident,Near Bus stand,Medium,"An accident has occurred
"
2026-09-22 18:28:57,Accident,Near Bus stand,Medium,"An accident has occurred
"
2026-09-22 18:29:24,Accident,Near Bus stand,Medium,Need assistance
